{
  "project_info": {
    "project_number": "491440550480",
    "firebase_url": "https://test-a06c9.firebaseio.com",
    "project_id": "test-a06c9",
    "storage_bucket": "test-a06c9.appspot.com"
  },
  "client": [
    {
      "client_info": {
        "mobilesdk_app_id": "1:491440550480:android:80a345bf487da7e2",
        "android_client_info": {
          "package_name": "com.example.bansi.demo_firebase"
        }
      },
      "oauth_client": [
        {
          "client_id": "491440550480-4lglsl3is5jvlr78e1f4t0rh5tam65vi.apps.googleusercontent.com",
          "client_type": 1,
          "android_info": {
            "package_name": "com.example.bansi.demo_firebase",
            "certificate_hash": "9637b87219ad7c795d4121bc6d900429aa0e0e0a"
          }
        },
        {
          "client_id": "491440550480-v1nov5kctiuancbrmbk32mj4stuaur1n.apps.googleusercontent.com",
          "client_type": 3
        }
      ],
      "api_key": [
        {
          "current_key": "AIzaSyDL209ppbQNl5qMzI5BZKu2qiuoJVVeuKA"
        }
      ],
      "services": {
        "analytics_service": {
          "status": 1
        },
        "appinvite_service": {
          "status": 2,
          "other_platform_oauth_client": [
            {
              "client_id": "491440550480-v1nov5kctiuancbrmbk32mj4stuaur1n.apps.googleusercontent.com",
              "client_type": 3
            }
          ]
        },
        "ads_service": {
          "status": 2
        }
      }
    },
    {
      "client_info": {
        "mobilesdk_app_id": "1:491440550480:android:b79bd7d4a26045c7",
        "android_client_info": {
          "package_name": "com.example.bansi.practical_firebase"
        }
      },
      "oauth_client": [
        {
          "client_id": "491440550480-kcc7u6vj2un3ohtged7a06f7ai5quf3j.apps.googleusercontent.com",
          "client_type": 1,
          "android_info": {
            "package_name": "com.example.bansi.practical_firebase",
            "certificate_hash": "9637b87219ad7c795d4121bc6d900429aa0e0e0a"
          }
        },
        {
          "client_id": "491440550480-v1nov5kctiuancbrmbk32mj4stuaur1n.apps.googleusercontent.com",
          "client_type": 3
        }
      ],
      "api_key": [
        {
          "current_key": "AIzaSyDL209ppbQNl5qMzI5BZKu2qiuoJVVeuKA"
        }
      ],
      "services": {
        "analytics_service": {
          "status": 1
        },
        "appinvite_service": {
          "status": 2,
          "other_platform_oauth_client": [
            {
              "client_id": "491440550480-v1nov5kctiuancbrmbk32mj4stuaur1n.apps.googleusercontent.com",
              "client_type": 3
            }
          ]
        },
        "ads_service": {
          "status": 2
        }
      }
    }
  ],
  "configuration_version": "1"
}